{
    "playerPosition": {
        "x": 7.847963333129883,
        "y": 0.6694486141204834,
        "z": -1.4420418739318848
    },
    "playerRotation": {
        "x": 0.0,
        "y": 0.9094060063362122,
        "z": 0.0,
        "w": 0.41590961813926699
    },
    "cameraPosition": {
        "x": 2.9354920387268068,
        "y": 3.3719494342803957,
        "z": -4.261845588684082
    },
    "CameraAxisX": 60.14377975463867,
    "CameraAxisY": 0.5785545706748962,
    "playerFuel": 0,
    "rocketFuel": 4,
    "playerAir": 93,
    "isDead": false,
    "isWin": false,
    "stoneCollection": [
        true,
        false,
        true,
        true,
        true,
        true,
        true,
        false,
        true,
        true
    ]
}