{
    "playerPosition": {
        "x": 89.80769348144531,
        "y": 4.012299537658691,
        "z": 81.33697509765625
    },
    "playerRotation": {
        "x": 0.0,
        "y": 0.8194251656532288,
        "z": 0.0,
        "w": 0.5731862187385559
    },
    "cameraPosition": {
        "x": 92.97657012939453,
        "y": 5.940976142883301,
        "z": 85.53253173828125
    },
    "CameraAxisX": -134.16673278808595,
    "CameraAxisY": 0.5130670666694641,
    "playerFuel": 8,
    "rocketFuel": 2,
    "playerAir": 0,
    "isDead": true,
    "isWin": false,
    "stoneCollection": [
        true,
        false,
        false,
        true,
        true,
        false,
        true,
        false,
        true,
        false
    ]
}