{
    "playerPosition": {
        "x": 182.8428192138672,
        "y": 6.712527275085449,
        "z": -50.10782241821289
    },
    "playerRotation": {
        "x": 0.0,
        "y": 0.9972866177558899,
        "z": 0.0,
        "w": -0.07361613214015961
    },
    "cameraPosition": {
        "x": 187.6749267578125,
        "y": 7.910165309906006,
        "z": -53.67360305786133
    },
    "CameraAxisX": -53.5086669921875,
    "CameraAxisY": 0.49828702211380007,
    "playerFuel": 0,
    "rocketFuel": 0,
    "playerAir": 0,
    "isDead": true,
    "isWin": false,
    "stoneCollection": [
        false,
        false,
        false,
        false,
        false,
        false,
        false,
        false,
        false,
        false
    ]
}