{
    "playerPosition": {
        "x": 7.5123090744018559,
        "y": 2.348060369491577,
        "z": 2.0348527431488039
    },
    "playerRotation": {
        "x": 0.0,
        "y": -0.2340656965970993,
        "z": 0.0,
        "w": 0.972220778465271
    },
    "cameraPosition": {
        "x": 7.177318096160889,
        "y": 5.9277777671813969,
        "z": -2.9563539028167726
    },
    "CameraAxisX": 3.8395159244537355,
    "CameraAxisY": 0.6616289019584656,
    "playerFuel": 0,
    "rocketFuel": 20,
    "playerAir": 99,
    "isDead": false,
    "isWin": false,
    "stoneCollection": [
        false,
        false,
        false,
        false,
        false,
        false,
        false,
        false,
        false,
        false
    ]
}