{
    "position": [
        12.33403205871582,
        0.7324150800704956,
        -1.5420756340026856
    ],
    "rotation": [
        0.0,
        0.999856173992157,
        0.0,
        0.016960449516773225
    ],
    "playerFuel": 0,
    "playerAir": 97,
    "isDead": false
}