{
    "playerPosition": {
        "x": 7.594912528991699,
        "y": 0.7777355909347534,
        "z": -6.666713714599609
    },
    "playerRotation": {
        "x": 0.0,
        "y": -0.2921569347381592,
        "z": 0.0,
        "w": 0.9563704133033752
    },
    "cameraPosition": {
        "x": 9.182228088378907,
        "y": 0.2774590849876404,
        "z": -10.34461784362793
    },
    "CameraAxisX": -23.315841674804689,
    "CameraAxisY": 9.369252827200006e-37,
    "playerFuel": 0,
    "rocketFuel": 0,
    "playerAir": 0,
    "isDead": true,
    "isWin": false,
    "stoneCollection": [
        true,
        true,
        true,
        true,
        true,
        true,
        true,
        true,
        true,
        true
    ]
}