{
    "position": [
        12.292327880859375,
        0.7281649112701416,
        -0.13445037603378297
    ],
    "rotation": [
        0.0,
        99.91363525390625,
        0.0,
        0.0
    ],
    "playerFuel": 0,
    "rocketFuel": 6,
    "playerAir": 98,
    "isDead": false,
    "isWin": false
}