{
    "playerPosition": {
        "x": 21.672012329101564,
        "y": 0.7680391073226929,
        "z": -3.5612874031066896
    },
    "playerRotation": {
        "x": 0.0,
        "y": -0.522585928440094,
        "z": 0.0,
        "w": 0.8525867462158203
    },
    "cameraPosition": {
        "x": 27.779586791992189,
        "y": 2.544010639190674,
        "z": -6.671955585479736
    },
    "CameraAxisX": -63.00627517700195,
    "CameraAxisY": 0.4708796441555023,
    "playerFuel": 0,
    "rocketFuel": 2,
    "playerAir": 90,
    "isDead": false,
    "isWin": false,
    "stoneCollection": [
        true,
        false,
        true,
        true,
        true,
        true,
        true,
        true,
        true,
        true
    ]
}