{
    "playerPosition": {
        "x": 7.740235328674316,
        "y": 2.636831283569336,
        "z": 2.4889397621154787
    },
    "playerRotation": {
        "x": 0.0,
        "y": 0.01098291203379631,
        "z": 0.0,
        "w": 0.9999397993087769
    },
    "cameraPosition": {
        "x": 7.740235328674316,
        "y": 4.610028266906738,
        "z": -3.571974754333496
    },
    "CameraAxisX": 0.0,
    "CameraAxisY": 0.5,
    "playerFuel": 0,
    "rocketFuel": 20,
    "playerAir": 97,
    "isDead": false,
    "isWin": false,
    "stoneCollection": [
        true,
        true,
        true,
        true,
        true,
        true,
        true,
        true,
        true,
        true
    ]
}