{
    "position": [
        73.00582122802735,
        3.3560452461242677,
        -34.171974182128909
    ],
    "rotation": [
        0.0,
        178.05638122558595,
        0.0,
        0.0
    ],
    "playerFuel": 0,
    "playerAir": 81,
    "isDead": false
}