{
    "playerPosition": {
        "x": 8.709978103637696,
        "y": 0.711353063583374,
        "z": -2.518927574157715
    },
    "playerRotation": {
        "x": 0.0,
        "y": -0.43150320649147036,
        "z": 0.0,
        "w": 0.9021114110946655
    },
    "cameraPosition": {
        "x": 9.639928817749024,
        "y": 3.9989609718322756,
        "z": -8.076798439025879
    },
    "CameraAxisX": -4.802783489227295,
    "CameraAxisY": 0.6354068517684937,
    "playerFuel": 0,
    "rocketFuel": 4,
    "playerAir": 83,
    "isDead": false,
    "isWin": false,
    "stoneCollection": [
        false,
        false,
        false,
        false,
        false,
        false,
        false,
        false,
        false,
        false
    ]
}