{
    "playerPosition": {
        "x": 7.640284538269043,
        "y": 2.2936227321624758,
        "z": 1.169453740119934
    },
    "playerRotation": {
        "x": 0.0,
        "y": -0.10404183715581894,
        "z": 0.0,
        "w": 0.9945729374885559
    },
    "cameraPosition": {
        "x": 8.894560813903809,
        "y": 5.671937942504883,
        "z": -3.9326932430267336
    },
    "CameraAxisX": -13.913439750671387,
    "CameraAxisY": 0.7007591724395752,
    "playerFuel": 0,
    "rocketFuel": 4,
    "playerAir": 87,
    "isDead": false,
    "isWin": false,
    "stoneCollection": [
        false,
        false,
        false,
        false,
        false,
        false,
        false,
        false,
        false,
        false
    ]
}