{
    "playerPosition": {
        "x": 106.83920288085938,
        "y": 5.327095031738281,
        "z": -28.815505981445314
    },
    "playerRotation": {
        "x": 0.0,
        "y": -0.6074213981628418,
        "z": 0.0,
        "w": 0.7943798899650574
    },
    "cameraPosition": {
        "x": 113.53585052490235,
        "y": 7.158359527587891,
        "z": -30.104257583618165
    },
    "CameraAxisX": -79.6333236694336,
    "CameraAxisY": 0.4867940843105316,
    "playerFuel": 3,
    "rocketFuel": 2,
    "playerAir": 46,
    "isDead": false,
    "isWin": false,
    "stoneCollection": [
        false,
        false,
        true,
        true,
        true,
        true,
        true,
        true,
        true,
        true
    ]
}